INSERT INTO dom(id,type,domId,className,closeTag,parentDom,domOrder) VALUES
(-1,'html','','',true,-1,0.0),
(1,'head','','',true,-1,0.1),
(2,'body','','',true,-1,0.2),
(3,'meta','','',false,1,0.1),
(4,'meta','','',false,1,0.2),
(5,'meta','','',false,1,0.3),
(6,'title','','',true,1,0.4),
(7,'link','','',false,1,0.5),
(8,'div','','container',true,2,0.2),
(9,'nav','','navbar navbar-default',true,8,0.1),
(10,'div','main-content','container-fluid',true,8,0.2),
(11,'script','','',true,2,0.97),
(12,'script','','',true,2,0.97),
(15,'div','','container-fluid',true,9,0.1),
(16,'div','','navbar-header',true,15,0.1),
(17,'div','navbar','navbar-collapse collapse',true,15,0.1),
(18,'button','','navbar-toggle collapsed',true,16,0.1),
(19,'span','','sr-only',true,18,0.1),
(20,'span','','icon-bar top-bar',true,18,0.2),
(21,'span','','icon-bar middle-bar',true,18,0.3),
(22,'span','','icon-bar bottom-bar',true,18,0.4),
(23,'a','','navbar-brand',true,16,0.1),
(24,'ul','','nav navbar-nav',true,17,0.1),
(25,'link','','',false,1,0.6),
(26,'link','','',false,1,0.7),
(27,'script','','',true,2,0.98),
(28,'script','','',true,2,0.99),
(29,'nav','','navbar navbar-default navbar-static-top',true,2,0.1),
(30,'div','','container',true,29,0.01),
(31,'div','','navbar-header',true,30,0.1),
(32,'div','navbar','navbar-collapse collapse',true,30,0.2),
(33,'button','','navbar-toggle collapsed',true,31,0.1),
(34,'span','','sr-only',true,33,0.1),
(35,'span','','icon-bar top-bar',true,33,0.2),
(36,'span','','icon-bar middle-bar',true,33,0.3),
(37,'span','','icon-bar bottom-bar',true,33,0.4),
(38,'a','','navbar-brand',true,31,0.2),
(39,'ul','','nav navbar-nav',true,32,0.1),
(40,'nav','','navbar navbar-default navbar-fixed-top',true,2,0.1),
(41,'div','','container',true,40,0.01),
(42,'div','','navbar-header',true,41,0.1),
(43,'div','navbar','navbar-collapse collapse',true,41,0.2),
(44,'button','','navbar-toggle collapsed',true,42,0.1),
(45,'span','','sr-only',true,44,0.1),
(46,'span','','icon-bar top-bar',true,44,0.2),
(47,'span','','icon-bar middle-bar',true,44,0.3),
(48,'span','','icon-bar bottom-bar',true,44,0.4),
(49,'a','','navbar-brand',true,42,0.2),
(50,'ul','','nav navbar-nav',true,43,0.1),
(51,'link','','',false,1,0.99),
(52,'script','','',true,1,0.7);
-- GO
INSERT INTO atribute(id,name,value) VALUES
(1,'lang','es'),
(2,'charset','utf-8'),
(3,'http-equiv','X-UA-Compatible'),
(4,'content','IE=edge'),
(5,'name','viewport'),
(6,'content','width=device-width, initial-scale=1'),
(7,'href','/css/less/bootstrap.less?a123=345'),
(8,'rel','stylesheet/less'),
(9,'src','https://ajax.googleapis.com/ajax/libs/jquery/1.12.4/jquery.min.js'),
(10,'src','/js/bootstrap.min.js'),
(11,'type','button'),
(12,'data-toggle','collapse'),
(13,'data-target','#navbar'),
(14,'aria-expanded','false'),
(15,'aria-controls','navbar'),
(16,'href','/'),
(17,'href','/css/font-awesome.min.css'),
(18,'href','/css/styles.css'),
(19,'rel','stylesheet'),
(20,'rel','stylesheet'),
(21,'src','/js/spin.min.js'),
(22,'src','/js/script.js'),
(23,'type','button'),
(24,'data-toggle','collapse'),
(25,'data-target','#navbar'),
(26,'aria-expanded','false'),
(27,'aria-controls','navbar'),
(28,'href','/'),
(29,'href','/css/fixed-menu.css'),
(30,'rel','stylesheet'),
(31,'src','/js/less.min.js');
-- GO
INSERT INTO dom_atribute(idDom,idAtribute) VALUES
(3,2),
(4,3),
(4,4),
(5,5),
(5,6),
(7,7),
(7,8),
(11,9),
(12,10),
(18,11),
(18,12),
(18,13),
(18,14),
(18,15),
(23,17),
(25,17),
(25,19),
(26,18),
(26,20),
(27,21),
(28,22),
(33,23),
(33,24),
(33,25),
(33,26),
(33,27),
(38,28),
(44,23),
(44,24),
(44,25),
(44,26),
(44,27),
(49,28),
(51,29),
(51,30),
(52,31);
-- GO
INSERT INTO template(id, name, description) VALUES
(-1, 'L1', 'Layout por Defecto.'),
(-2, 'L2', 'Menú Estático.'),
(-3, 'L3', 'Menú Fijo.'),
(1, 'Layout', 'Layout del Sitio'),
(2, 'home', 'Home del sitio.'),
(3, 'nosotros', 'P&aacute;gina de Informaci&oacute;n.');
/*(4, 'contacto', 'P&aacute;gina de Contacto.');*/
-- GO
INSERT INTO template_dom(idTemplate, idDom) VALUES
(-1,-1),
(-1,1),
(-1,2),
(-1,3),
(-1,4),
(-1,5),
(-1,6),
(-1,7),
(-1,8),
(-1,9),
(-1,10),
(-1,11),
(-1,12),
(-1,15),
(-1,16),
(-1,17),
(-1,18),
(-1,19),
(-1,20),
(-1,21),
(-1,22),
(-1,23),
(-1,24),
(-1,25),
(-1,26),
(-1,27),
(-1,28),
(-1,52),
(-2,-1),
(-2,1),
(-2,2),
(-2,3),
(-2,4),
(-2,5),
(-2,6),
(-2,7),
(-2,11),
(-2,12),
(-2,29),
(-2,30),
(-2,31),
(-2,32),
(-2,33),
(-2,34),
(-2,35),
(-2,36),
(-2,37),
(-2,38),
(-2,39),
(-2,8),
(-2,10),
(-2,25),
(-2,26),
(-2,27),
(-2,28),
(-2,52),
(-3,-1),
(-3,1),
(-3,2),
(-3,3),
(-3,4),
(-3,5),
(-3,6),
(-3,7),
(-3,8),
(-3,10),
(-3,11),
(-3,12),
(-3,40),
(-3,41),
(-3,42),
(-3,43),
(-3,44),
(-3,45),
(-3,46),
(-3,47),
(-3,48),
(-3,49),
(-3,50),
(-3,25),
(-3,26),
(-3,27),
(-3,28),
(-3,51),
(-3,52);
-- GO
INSERT INTO section(id,name,parentSection,sectionOrder,active) VALUES
(-1,'Home',-1,0.00,true),
(1,'Nosotros',-1,0.99,true);
/*(2,'Contacto',-1,0.99,true);*/
-- GO
INSERT INTO text(id,name,body) VALUES
(1,'Menu','{{MENU|raw}}'),
(2,'Titulo','{{title}}');
-- GO
INSERT INTO content(id,name,url,tableName,keyName,keyValue) VALUES
(1,'Menu Home','/','text','id','1'),
(2,'Titulo Sitio','/','text','id','2'),
(3,'Home','/home','section','id','-1'),
(4,'Nosotros','/nosotros','section','id','1');
/*(5,'Contacto','/contacto','section','id','2');*/
-- GO
INSERT INTO content_dom(idContent,idDom) VALUES
(1,24),
(1,39),
(1,50),
(2,6);
INSERT INTO usuario(username, password, cookie, active) VALUES('admin','admin','',1);
INSERT INTO config(name,value,type) VALUES
('Nombre del Sitio','Doit CMS','text'),
('URL del Sitio','http://cms.pablogarin.cl','text'),
('Correo Sitio','pablito.garin@gmail.com','text'),
('Clave del Correo','G8r33x5434','password'),
('Servidor de Correo Saliente','smtp.gmail.com','text'),
('Puerto para Correo','465','text'),
('Tipo de Seguridad del Correo','ssl','select[ssl,tls]'),
('URL de Facebook','http://facebook.com','text'),
('URL de Twitter','http://twitter.com','text'),
('URL de Instragram','http://instagram.com','text'),
('layout','-1','layout'),
('background','#ffffff','color'),
('primary','#f8f8f8','color'),
('secondary','#e7e7e7','color'),
('accent','#449d44','color');
