INSERT INTO dom(id,type,domId,className,closeTag,parentDom,domOrder) VALUES
(-1,'html','','',true,-1,0.0),
(1,'head','','',true,-1,0.1),
(2,'body','','',true,-1,0.2),
(3,'meta','','',false,1,0.1),
(4,'meta','','',false,1,0.2),
(5,'meta','','',false,1,0.3),
(6,'title','','',true,1,0.4),
(7,'link','','',false,1,0.5),
(8,'div','','container',true,2,0.1),
(9,'nav','','navbar navbar-default',true,8,0.1),
(10,'div','main-content','container-fluid',true,8,0.2),
(11,'script','','',true,2,0.97),
(12,'script','','',true,2,0.97),
(13,'div','','row',true,10,0.1),
(14,'h1','','col-md-12 text-center',true,13,0.1),
(15,'div','','container-fluid',true,9,0.1),
(16,'div','','navbar-header',true,15,0.1),
(17,'div','navbar','navbar-collapse collapse',true,15,0.1),
(18,'button','','navbar-toggle collapsed',true,16,0.1),
(19,'span','','sr-only',true,18,0.1),
(20,'span','','icon-bar top-bar',true,18,0.2),
(21,'span','','icon-bar middle-bar',true,18,0.3),
(22,'span','','icon-bar bottom-bar',true,18,0.4),
(23,'a','','navbar-brand',true,16,0.1),
(24,'ul','','nav navbar-nav',true,17,0.1),
(25,'li','','active',true,24,0.1),
(26,'a','','',true,25,0.1),
(27,'link','','',false,1,0.6),
(28,'link','','',false,1,0.7),
(29,'script','','',true,2,0.98),
(30,'script','','',true,2,0.99),
(31,'li','','',true,24,0.1),
(32,'li','','',true,24,0.1),
(33,'a','','',true,31,0.1),
(34,'a','','',true,32,0.1);
-- GO
INSERT INTO atribute(id,name,value) VALUES
(1,'lang','es'),
(2,'charset','utf-8'),
(3,'http-equiv','X-UA-Compatible'),
(4,'content','IE=edge'),
(5,'name','viewport'),
(6,'content','width=device-width, initial-scale=1'),
(7,'href','/css/bootstrap.min.css'),
(8,'rel','stylesheet'),
(9,'src','https://ajax.googleapis.com/ajax/libs/jquery/1.12.4/jquery.min.js'),
(10,'src','/js/bootstrap.min.js'),
(11,'type','button'),
(12,'data-toggle','collapse'),
(13,'data-target','#navbar'),
(14,'aria-expanded','false'),
(15,'aria-controls','navbar'),
(16,'href','#'),
(17,'href','/'),
(18,'href','/css/font-awesome.min.css'),
(19,'href','/css/styles.css'),
(20,'rel','stylesheet'),
(21,'rel','stylesheet'),
(22,'src','/js/spin.min.js'),
(23,'src','/js/script.js'),
(24,'href','/nosotros'),
(25,'href','/contacto');
-- GO
INSERT INTO dom_atribute(idDom,idAtribute) VALUES
(3,2),
(4,3),
(4,4),
(5,5),
(5,6),
(7,7),
(7,8),
(11,9),
(12,10),
(18,11),
(18,12),
(18,13),
(18,14),
(18,15),
(23,16),
(26,17),
(27,18),
(27,20),
(28,19),
(28,21),
(29,22),
(30,23),
(33,24),
(34,25);
-- GO
-- GO
INSERT INTO template(id, name, description) VALUES
(-1, 'layout', 'HTML Base del sitio.'),
(1, 'home', 'Home del sitio.');
-- GO
INSERT INTO template_dom(idTemplate, idDom) VALUES
(-1,-1),
(-1,1),
(-1,2),
(-1,3),
(-1,4),
(-1,5),
(-1,6),
(-1,7),
(-1,8),
(-1,9),
(-1,10),
(-1,11),
(-1,12),
(-1,15),
(-1,16),
(-1,17),
(-1,18),
(-1,19),
(-1,20),
(-1,21),
(-1,22),
(-1,23),
(-1,24),
(-1,25),
(-1,26),
(-1,27),
(-1,28),
(-1,29),
(-1,30),
(-1,31),
(-1,32),
(-1,33),
(-1,34),
(1,13),
(1,14);
-- GO
INSERT INTO section(id,name,parentSection,sectionOrder,active) VALUES
(-1,'Home',-1,0.00,true),
(1,'Nosotros',-1,0.99,true),
(2,'Contacto',-1,0.99,true);
-- GO
INSERT INTO text(id,name,body) VALUES
(1,'Titulo','Titulo de la Pagina'),
(2,'Saludos','Hola Mundo!');
-- GO
INSERT INTO content(id,name,url,tableName,keyName,keyValue) VALUES
(1,'Menu Home','/','section','id','-1'),
(2,'Menu Nosotros','/nosotros','section','id','1'),
(3,'Menu Contacto','/contacto','section','id','2'),
(4,'Titulo Sitio','/','text','id','1'),
(5,'Texto Bienvenida','home','text','id','2');
-- GO
INSERT INTO content_dom(idContent,idDom) VALUES
(1,26),
(2,33),
(3,34),
(4,6),
(5,14);
INSERT INTO usuario(username, password, cookie, active) VALUES('admin','admin','',1);
INSERT INTO config(name,value,type) VALUES
('Nombre del Sitio','Tienda Demo','text'),
('URL del Sitio','http://tienda.pablogarin.cl','text'),
('URL de Facebook','http://facebook.com','text'),
('URL de Twitter','http://twitter.com','text'),
('Correo Sitio','pablito.garin@gmail.com','text'),
('Clave del Correo','G8r33x5434','password'),
('Servidor de Correo Saliente','smtp.gmail.com','text'),
('Puerto para Correo','465','text'),
('Tipo de Seguridad del Correo','ssl','select[ssl,tls]'),
('URL de Instragram','http://instagram.com','text');
